Figure 1A,,,,,,Figure 1B,,,,,Figure 1C,,,,,Figure 1D,,,,,,,,Figure 2A,,,,Figure 2B,,,,Figure 3A,,,,,Figure 3B,,,,,Figure 3D,,,,,,,,,Figure 3E,,,,,,Figure 4,,,,Figure 5,,,,,,,,,Supplemental Table 6,,,,,Supplemental Table 7,,,,,Supplemental Figure 1,,,,,,,,Supplemental Figure 2B,,,,,Supplemental Figure 3,,,,
age cohort,abx_class,gene_name,count,freq,,age group 1,age group 2,p,p.adj,,age group 1,age group 2,p,p.adj,,age cohort,abx_class,num,denom,prop,conf.low,conf.high,,Characteristic,aOR (95% CI),p-value,,Characteristic,aOR (95% CI),p-value,,age group 1,age group 2,p,p.adj,,age group 1,age group 2,p,p.adj,,genus_tax_id,name,baseMean,log2FoldChange,lfcSE,stat,pvalue,padj,,age cohort,genus,species_name,count,freq,,Characteristic,aOR (95% CI),p-value,,genus_tax_id,name,baseMean,log2FoldChange,lfcSE,stat,pvalue,padj,,model,characteristics,aOR,p-value,,model,characteristics,aOR,pvalue,,age group,total,name,freq,lowerCI,upperCI,age_cohort,,age group 1,age group 2,p,p.adj,,age cohort,gene_name,amr_interest,count,freq
Adults,Aminoglycoside,Aac3-Ik,0,0,,0-2, 3-10,0.055,0.165,,0-2, 3-10,0.055,0.165,,Adults,Aminoglycoside,18,88,0.2,0.125966839,0.303867715,,Age (adults vs children),2.16 (1.10- 4.22),0.025,,Age,,,,>=80,0-2,0.006,0.0432,,>=80,0-2,0.000745,0.003831429,,1350,Enterococcus,29.06559577,5.855638805,0.804179743,7.281504981,3.30E-13,7.26E-12,,adult,Bacteroides spp.,B. caccae,3,0.034090909,,Age (adults vs children),2.12 (1.13-4.00),0.02,,1350,Enterococcus,19.87360615,4.031942222,0.867403295,4.648290183,3.35E-06,7.36E-05,,Bacteroides,Age (adults vs children),2 (1.05-3.79) ,0.035,,Main model,Enterococcus spp.,1.02 (1-1.03) ,0.004,,>=80,12,Tetracycline,0.166666667,0.020862525,0.484137749,Adults,,>=80,0-2,1.92E-06,6.53E-05,,Adults,ACT-MIR,AmpC,2,0.022727273
Adults,Aminoglycoside,Aac6-Aph2,1,0.011363636,,0-2, 11-18,0.005,0.02,,0-2, 11-18,0.008,0.0288,,Adults,Beta-Lactam,27,88,0.31,0.212876548,0.414197211,,LRTI Status,,,,    0-2 years (ref),           ---, ---,,>=80, 11-18,0.04,0.144,,>=80, 11-18,0.066,0.1188,,286,Pseudomonas,1247.681057,5.149755375,0.914284377,5.632553181,1.78E-08,1.95E-07,,adult,Bacteroides spp.,B. fragilis,13,0.147727273,,Bacterial abundance,1.44 (1.21-1.71),3.00E+05,,286,Pseudomonas,1346.527528,4.263374372,0.947809467,4.498134404,6.86E-06,7.54E-05,,Bacteroides,Bacterial abundance,1.15 (1.06-1.24) ,< 0.001,,Main model,Bacterial abundance,1.17 (1.09-1.26) ,< 0.001,,>=80,12,Beta-Lactam,0.333333333,0.099246091,0.651124494,Adults,,>=80, 11-18,0.339,1,,Adults,AmpC,AmpC,2,0.022727273
Adults,Aminoglycoside,Aac6-Ic,1,0.011363636,,0-2,19-39,0.098,0.2352,,0-2,19-39,0.098,0.252,,Adults,Chloramphenicol,8,88,0.09,0.040069668,0.171290706,,    No LRTI (ref),           ---,           ---,,    3-10 years,0.32 (0.10- 0.97),0.044,,>=80,19-39,0.566,0.849,,>=80,19-39,0.566,0.63675,,816,Bacteroides,38.42453164,4.104056739,0.810223133,5.065341348,4.08E-07,2.99E-06,,adult,Bacteroides spp.,B. heparinolyticus,5,0.056818182,,Bacterial alpha diversity,0.96 (0.73-1.26),0.768,,816,Bacteroides,42.22145759,3.433161034,0.861821629,3.983609736,6.79E-05,0.00049776,,Bacteroides,Bacterial alpha diversity,0.87 (0.65-1.16) ,0.344,,Main model,Bacterial alpha diversity,0.94 (0.72-1.22) ,0.628,,>=80,12,Aminoglycoside,0.166666667,0.020862525,0.484137749,Adults,,>=80,19-39,0.85,1,,Adults,AmpC2,AmpC,1,0.011363636
Adults,Aminoglycoside,Aac6-Iz,1,0.011363636,,0-2,40-49,0.346,0.563478261,,0-2,40-49,0.34,0.585391304,,Adults,Fluoroquinolone,7,88,0.08,0.032580007,0.157048708,,    Indeterminate,1.23 (0.53- 2.87),0.629,,    11-18 years,2.33 (1.03- 5.25),0.042,,>=80, 3-10,0.004,0.0432,,>=80, 3-10,0.025,0.06,,1279,Staphylococcus,1120.228681,4.550802789,0.935279476,4.865714374,1.14E-06,6.27E-06,,adult,Bacteroides spp.,B. ovatus,3,0.034090909,,LRTI Status,,,,1279,Staphylococcus,806.0173013,2.963457913,0.964968085,3.071042409,0.002133129,0.011732207,,Bacteroides,Bacteroides spp.,1.89 (0.96-3.69) ,0.063,,Main model,    No LRTI (ref),---,---,,>=80,12,Macrolide,0.333333333,0.099246091,0.651124494,Adults,,>=80, 3-10,0.001,0.037,,Adults,AmpH,NA,2,0.022727273
Adults,Beta-Lactam,ACT-MIR,2,0.022727273,,0-2,50-59,0.068,0.188307692,,0-2,50-59,0.069,0.191076923,,Adults,Fosfomycin,1,88,0.01,0.000287661,0.061693754,,    CA-LRTI,0.77 (0.39- 1.54),0.464,,    19-39 years,1.52 (0.38- 6.00),0.554,,>=80,40-49,0.75,0.894545455,,>=80,40-49,0.102,0.159652174,,475,Moraxella,3340.542532,-4.025183174,1.078700931,-3.731509874,0.000190336,0.000837476,,adult,Bacteroides spp.,B. thetaiotaomicron,8,0.090909091,,    No LRTI (ref),           ---, ---,,482,Neisseria,1925.09662,2.272896413,0.783813273,2.899793216,0.003734089,0.016429992,,Bacteroides,    No LRTI (ref),---,---,,Main model,    Indeterminate,1.18 (0.5-2.81) ,0.704,,>=80,12,Chloramphenicol,0.166666667,0.020862525,0.484137749,Adults,,>=80,40-49,0.594,1,,Adults,BlaZ,NA,7,0.079545455
Adults,Beta-Lactam,AmpC,2,0.022727273,,0-2,60-69,0.000555,0.002854286,,0-2,60-69,0.000752,0.003867429,,Adults,Macrolide,12,88,0.14,0.0724939,0.226087554,,    HA-LRTI,2.36 (0.95- 5.90),0.065,,    40-49 years,1.82 (0.29-11.60),0.525,,>=80,50-59,0.552,0.849,,>=80,50-59,0.182,0.261692308,,838,Prevotella,653.8630171,2.436115475,0.784789567,3.104163942,0.001908176,0.006996644,,adult,Bacteroides spp.,B. uniformis,2,0.022727273,,    Indeterminate,1.13 (0.48-2.67),0.785,,848,Fusobacterium,140.3261661,2.405104486,0.939113011,2.561038403,0.010435982,0.0327988,,Bacteroides,    Indeterminate,1.07 (0.45-2.56) ,0.874,,Main model,    CA-LRTI,0.78 (0.38-1.6) ,0.495,,>=80,12,Fluoroquinolone,0,0,0.264648469,Adults,,>=80,50-59,0.318,1,,Adults,BRO,NA,1,0.011363636
Adults,Beta-Lactam,AmpC2,1,0.011363636,,0-2,70-79,0.000385,0.002772,,0-2,70-79,0.00039,0.002808,,Adults,TMP-SMX,1,88,0.01,0.000287661,0.061693754,,Sex (female vs male),1.00 (0.59- 1.69),0.994,,    50-59 years,1.33 (0.41- 4.31),0.631,,>=80,60-69,0.212,0.424,,>=80,60-69,0.856,0.856,,75984,Mannheimia,9.743117987,1.781472029,0.708986925,2.512700821,0.011981089,0.037654852,,adult,Bacteroides spp.,B. xylanisolvens,4,0.045454545,,    CA-LRTI,0.74 (0.36-1.53),0.425,,838,Prevotella,565.2238994,2.052540939,0.790304935,2.597150602,0.00940007,0.0327988,,Bacteroides,    CA-LRTI,0.73 (0.35-1.52) ,0.407,,Main model,    HA-LRTI,1.79 (0.69-4.62) ,0.228,,>=80,12,TMP-SMX,0,0,0.264648469,Adults,,>=80,60-69,0.922,1,,Adults,CfxA,NA,6,0.068181818
Adults,Beta-Lactam,AmpH,2,0.022727273,,0-2,>=80,4.62E-05,0.0005544,,0-2,>=80,7.99E-05,0.0008433,,Adults,Tetracycline,12,88,0.14,0.0724939,0.226087554,,Race/Ethnicity,,,,    60-69 years,2.23 (0.76- 6.54),0.146,,>=80,70-79,0.614,0.869538462,,>=80,70-79,0.648,0.706909091,,724,Haemophilus,6953.804185,-1.314510244,0.552235574,-2.380343292,0.017296516,0.047565419,,adult,Bacteroides spp.,B. zoogleoformans,2,0.022727273,,    HA-LRTI,1.86 (0.73-4.79),0.196,,75984,Mannheimia,9.743117987,1.461600878,0.718059566,2.035486953,0.0418019,0.114955225,,Bacteroides,    HA-LRTI,2 (0.77-5.19) ,0.154,,Bacteroides,Bacteroides spp.,1.01 (1-1.02) ,0.009,,>=80,12,Fosfomycin,0,0,0.264648469,Adults,,>=80,70-79,0.714,1,,Adults,CMY,AmpC,1,0.011363636
Adults,Aminoglycoside,Ant6-Ia,0,0,, 3-10, 11-18,0.000498,0.002854286,, 3-10, 11-18,0.00061,0.00366,,Children,Aminoglycoside,5,261,0.02,0.0062488,0.044137536,,    Non-Hispanic White (ref),           ---,           ---,,    70-79 years,3.28 (0.97-11.07),0.056,,0-2, 11-18,0.628,0.869538462,,0-2, 11-18,0.007,0.022909091,,32207,Rothia,164.636907,2.190496121,1.00661157,2.176108626,0.029547139,0.065003706,,adult,Enterococcus spp.,E. casseliflavus,2,0.022727273,,,,,,1378,Gemella,67.81665369,1.32029043,0.817870893,1.61430177,0.106461986,0.260240411,,Enterococcus,Age (adults vs children),1.62 (0.82-3.21) ,0.168,,Bacteroides,Bacterial abundance,1.15 (1.06-1.24) ,< 0.001,,0-2,170,Tetracycline,0.011764706,0.00142795,0.04185009,Children,,0-2, 11-18,8.41E-06,0.000278,,Adults,DHA,AmpC,1,0.011363636
Adults,Aminoglycoside,APH-Stph,3,0.034090909,, 3-10,19-39,0.008,0.0288,, 3-10,19-39,0.008,0.0288,,Children,Beta-Lactam,35,261,0.13,0.095214136,0.181536428,,    Hispanic White,1.49 (0.69- 3.19),0.31,,    >=80 years,6.21 (1.33-28.99),0.02,,0-2,19-39,0.076,0.210461538,,0-2,19-39,0.009,0.027,,194,Campylobacter,172.031993,1.886713622,0.854912488,2.206908482,0.027320454,0.065003706,,adult,Enterococcus spp.,E. faecalis,27,0.306818182,,,,,,1716,Corynebacterium,170.7035346,1.243383053,0.871800472,1.426224341,0.153803596,0.328781846,,Enterococcus,Bacterial abundance,1.16 (1.08-1.25) ,< 0.001,,Bacteroides,Bacterial alpha diversity,0.86 (0.64-1.15) ,0.297,,0-2,170,Beta-Lactam,0.129411765,0.082910563,0.18935316,Children,,0-2,19-39,0.000113,0.004,,Adults,L-1,ESBL,1,0.011363636
Adults,Aminoglycoside,Aph3-IIb,2,0.022727273,, 3-10,40-49,0.054,0.165,, 3-10,40-49,0.054,0.165,,Children,Chloramphenicol,5,261,0.02,0.0062488,0.044137536,,    Black,1.19 (0.57- 2.51),0.643,,LRTI Status,,,,0-2, 3-10,0.364,0.600545455,,0-2, 3-10,0.08,0.137142857,,29465,Veillonella,429.5548833,1.883469201,0.912384806,2.064336439,0.038985828,0.077971657,,adult,Enterococcus spp.,E. faecium,13,0.147727273,,,,,,2529408,Schaalia,101.6573267,-1.51410814,1.088930417,-1.390454446,0.164390923,0.328781846,,Enterococcus,Bacterial alpha diversity,0.88 (0.66-1.17) ,0.389,,Bacteroides,Bacteroides spp.,1.78 (0.91-3.52) ,0.094,,0-2,170,Aminoglycoside,0.011764706,0.00142795,0.04185009,Children,,0-2, 3-10,0.754,1,,Adults,MECA,NA,2,0.022727273
Adults,Aminoglycoside,Aph3-IIc,1,0.011363636,, 3-10,50-59,0.004,0.018,, 3-10,50-59,0.005,0.0225,,Children,Fluoroquinolone,5,261,0.02,0.0062488,0.044137536,,    Asian,1.27 (0.57- 2.83),0.562,,    No LRTI (ref),           ---, ---,,0-2,40-49,0.167,0.4008,,0-2,40-49,0.000179,0.0014616,,1716,Corynebacterium,170.7035346,1.533276634,0.858475574,1.78604573,0.074091854,0.135835066,,adult,Enterococcus spp.,E. gallinarum,2,0.022727273,,,,,,1016,Capnocytophaga,77.50763247,-0.567710438,0.872760719,-0.650476615,0.515384403,0.708653554,,Enterococcus,Enterococcus spp.,2.23 (1.08-4.59) ,0.03,,Bacteroides,    No LRTI (ref),---,---,,0-2,170,Macrolide,0.064705882,0.032740703,0.112825816,Children,,0-2,40-49,0.066,1,,Adults,MrdA,NA,2,0.022727273
Adults,Aminoglycoside,Aph3-III,4,0.045454545,, 3-10,60-69,7.20E-05,0.000648,, 3-10,60-69,9.37E-05,0.0008433,,Children,Fosfomycin,0,261,0,0,0.014034227,,    Other,0.56 (0.15- 2.10),0.388,,    Indeterminate,1.37 (0.56- 3.31),0.49,,0-2,50-59,0.021,0.108,,0-2,50-59,6.15E-09,2.21E-07,,848,Fusobacterium,125.1384894,1.410351942,0.925566291,1.523771938,0.127565692,0.215880401,,adult,Haemophilus spp.,H. haemolyticus,11,0.125,,,,,,194,Campylobacter,172.031993,0.584374359,0.879246812,0.664630626,0.506286776,0.708653554,,Enterococcus,    No LRTI (ref),---,---,,Bacteroides,    Indeterminate,1.13 (0.47-2.69) ,0.791,,0-2,170,Chloramphenicol,0.005882353,0.000148917,0.032337066,Children,,0-2,50-59,0.000754,0.022,,Adults,OXA-114,NA,1,0.011363636
Adults,Aminoglycoside,AphA2,3,0.034090909,, 3-10,70-79,2.97E-05,0.0005346,, 3-10,70-79,3.61E-05,0.0006498,,Children,Macrolide,18,261,0.07,0.041382566,0.106806997,,Intubation to specimen collection (days),,,,    CA-LRTI,0.93 (0.44- 1.97),0.858,,0-2,60-69,0.024,0.108,,0-2,60-69,9.90E-07,1.78E-05,,1301,Streptococcus,1594.089856,0.737803742,0.554251063,1.331172443,0.183132276,0.287779292,,adult,Haemophilus spp.,H. influenzae,12,0.136363636,,,,,,29465,Veillonella,303.7466593,0.754673609,0.916582264,0.823356112,0.410305513,0.708653554,,Enterococcus,    Indeterminate,1.24 (0.52-3) ,0.626,,Bacteroides,    CA-LRTI,0.76 (0.37-1.58) ,0.469,,0-2,170,Fluoroquinolone,0.011764706,0.00142795,0.04185009,Children,,0-2,60-69,1.10E-09,3.96E-08,,Adults,OXA-2,ESBL,2,0.022727273
Adults,Beta-Lactam,BlaZ,7,0.079545455,, 3-10,>=80,3.07E-06,0.00011052,, 3-10,>=80,4.39E-06,0.00015804,,Children,TMP-SMX,1,261,0,9.69983910770815e-05,0.02116127,,    <=1 day (ref),           ---,           ---,,    HA-LRTI,2.83 (1.06- 7.61),0.039,,0-2,70-79,0.003,0.0432,,0-2,70-79,0.000348,0.002088,,416916,Aggregatibacter,9.892669727,1.012553433,0.792322993,1.277955382,0.201265159,0.2951889,,adult,Haemophilus spp.,H. parahaemolyticus,3,0.034090909,,,,,,475,Moraxella,4529.628279,0.78950743,1.115961777,0.707468164,0.47927559,0.708653554,,Enterococcus,    CA-LRTI,0.78 (0.38-1.62) ,0.507,,Bacteroides,    HA-LRTI,1.92 (0.74-5.01) ,0.181,,0-2,170,TMP-SMX,0,0,0.021465555,Children,,0-2,70-79,4.46E-09,1.56E-07,,Adults,OXA-50,Carbapenemase,2,0.022727273
Adults,Beta-Lactam,BRO,1,0.011363636,, 11-18,19-39,0.853,0.959625,, 11-18,19-39,0.863,0.970875,,Children,Tetracycline,7,261,0.03,0.010849542,0.054476145,,    2 days,1.27 (0.44- 3.67),0.653,,Sex (female vs male),1.02 (0.59- 1.75),0.952,, 11-18,19-39,0.228,0.432,, 11-18,19-39,0.528,0.61316129,,1378,Gemella,60.01512998,0.849394203,0.803766616,1.056767208,0.290617844,0.399599535,,adult,Haemophilus spp.,H. parainfluenzae,22,0.25,,,,,,32067,Leptotrichia,33.62375903,-0.588365869,0.844960542,-0.696323485,0.486226269,0.708653554,,Enterococcus,    HA-LRTI,2.09 (0.8-5.48) ,0.134,,Enterococcus,Enterococcus spp.,1.01 (1-1.02) ,0.05,,0-2,170,Fosfomycin,0,0,0.021465555,Children,, 11-18,19-39,0.633,1,,Adults,OXA-60,Carbapenemase,2,0.022727273
Adults,Chloramphenicol,Cat,0,0,, 11-18,40-49,0.91,0.992727273,, 11-18,40-49,0.94,1,,,,,,,,,,    3 days,2.85 (0.60-13.54),0.189,,Race/Ethnicity,,,, 11-18, 3-10,0.367,0.600545455,, 11-18, 3-10,0.349,0.4188,,32067,Leptotrichia,31.92891047,-0.695649985,0.837679363,-0.830448995,0.406284974,0.525780555,,adult,Haemophilus spp.,H. pittmaniae,1,0.011363636,,,,,,416916,Aggregatibacter,12.3818613,-0.446037092,0.808585431,-0.551626427,0.581204326,0.710360843,,Fusobacterium,Age (adults vs children),2.22 (1.17-4.21) ,0.015,,Enterococcus,Bacterial abundance,1.16 (1.08-1.25) ,< 0.001,, 11-18,40,Tetracycline,0.125,0.041859626,0.268032917,Children,, 11-18, 3-10,0.006,0.159,,Adults,PenA,NA,1,0.011363636
Adults,Chloramphenicol,CatA9,1,0.011363636,, 11-18,50-59,0.778,0.903483871,, 11-18,50-59,0.855,0.970875,,p-values for Figure 1D,,,,,,,,,,,,    Non-Hispanic White (ref),           ---, ---,, 11-18,40-49,0.351,0.600545455,, 11-18,40-49,0.003,0.0108,,1016,Capnocytophaga,77.7291873,-0.517380081,0.861039454,-0.600878483,0.547920925,0.669681131,,adult,Mannheimia spp.,M. haemolytica,41,0.465909091,,,,,,836,Porphyromonas,71.51941314,0.536917412,0.9350729,0.574198452,0.565833517,0.710360843,,Fusobacterium,Bacterial abundance,1.14 (1.06-1.23) ,< 0.001,,Enterococcus,Bacterial alpha diversity,0.87 (0.65-1.15) ,0.328,, 11-18,40,Beta-Lactam,0.3,0.165627204,0.465316285,Children,, 11-18,40-49,0.892,1,,Adults,ROB-1,ESBL,0,0
Adults,Chloramphenicol,CatB7,2,0.022727273,, 11-18,60-69,0.36,0.563478261,, 11-18,60-69,0.372,0.585391304,,age cohort 1,age cohort 2,abx_class,p,,,,,,,,,    Hispanic White,1.71 (0.77- 3.80),0.188,, 11-18,50-59,0.146,0.375428571,, 11-18,50-59,0.000203,0.0014616,,836,Porphyromonas,56.5347377,-0.467091794,0.915055798,-0.510451706,0.60973504,0.706008994,,adult,Moraxella spp.,M. canis,2,0.022727273,,,,,,1301,Streptococcus,1420.192652,-0.160376006,0.556500439,-0.288186666,0.773203855,0.850524241,,Fusobacterium,Bacterial alpha diversity,0.84 (0.63-1.13) ,0.252,,Enterococcus,Enterococcus spp.,2.04 (0.98-4.23) ,0.056,, 11-18,40,Aminoglycoside,0.075,0.01574218,0.203864749,Children,, 11-18,50-59,0.769,1,,Adults,SHV-OKP-LEN,ESBL,2,0.022727273
Adults,Chloramphenicol,CatBx,2,0.022727273,, 11-18,70-79,0.16,0.32,, 11-18,70-79,0.156,0.312,,adult,peds,Beta-Lactam,0.000457274,,,,,,,,,    Black,1.20 (0.56- 2.56),0.633,, 11-18,60-69,0.199,0.424,, 11-18,60-69,0.019,0.052615385,,2529408,Schaalia,87.57985297,-0.429499202,1.112906547,-0.385925668,0.69955172,0.769506892,,adult,Moraxella spp.,M. catarrhalis,2,0.022727273,,,,,,724,Haemophilus,6121.4437,-0.180230361,0.55596941,-0.324173162,0.74580694,0.850524241,,Fusobacterium,Fusobacterium spp.,2.18 (1.13-4.22) ,0.02,,Enterococcus,    No LRTI (ref),---,---,, 11-18,40,Macrolide,0.1,0.027925415,0.2366374,Children,, 11-18,60-69,0.208,1,,Adults,SRT-SST,AmpC,2,0.022727273
Adults,Beta-Lactam,CfxA,6,0.068181818,, 11-18,>=80,0.105,0.23625,, 11-18,>=80,0.117,0.279,,adult,peds,Aminoglycoside,6.13E-09,,,,,,,,,    Asian,1.21 (0.51- 2.91),0.665,, 11-18,70-79,0.062,0.198,, 11-18,70-79,0.285,0.366428571,,745,Pasteurella,8.201730004,0.198186713,0.672862624,0.294542609,0.76834331,0.804931086,,adult,Moraxella spp.,M. nonliquefaciens,6,0.068181818,,,,,,32207,Rothia,128.867779,-0.116530511,1.024219541,-0.113774934,0.909416209,0.909416209,,Fusobacterium,    No LRTI (ref),---,---,,Enterococcus,    Indeterminate,1.27 (0.53-3.05) ,0.597,, 11-18,40,Chloramphenicol,0.1,0.027925415,0.2366374,Children,, 11-18,70-79,0.155,1,,Adults,VEB-1,ESBL,0,0
Adults,Chloramphenicol,Cmr,2,0.022727273,,19-39,40-49,0.953,1,,19-39,40-49,1,1,,adult,peds,Macrolide,0.083503845,,,,,,,,,    Other,0.59 (0.15- 2.33),0.453,,19-39, 3-10,0.039,0.144,,19-39, 3-10,0.189,0.261692308,,482,Neisseria,1477.3184,0.082427443,0.782011539,0.105404383,0.916054939,0.916054939,,adult,Moraxella spp.,M. osloensis,6,0.068181818,,,,,,745,Pasteurella,8.688544213,0.107642977,0.677461702,0.158891605,0.873754275,0.909416209,,Fusobacterium,    Indeterminate,1.17 (0.49-2.81) ,0.717,,Enterococcus,    CA-LRTI,0.8 (0.38-1.66) ,0.544,, 11-18,40,Fluoroquinolone,0.05,0.006113647,0.169196864,Children,,19-39, 3-10,0.008,0.207,,Children,ACT-MIR,AmpC,0,0
Adults,Beta-Lactam,CMY,1,0.011363636,,19-39,50-59,0.699,0.867724138,,19-39,50-59,0.716,0.888827586,,adult,peds,Tetracycline,0.00026727,,,,,,,,,Intubation to specimen collection (days),,,,19-39,40-49,0.884,0.909257143,,19-39,40-49,0.036,0.076235294,,,,,,,,,,,adult,Prevotella spp.,P. copri,4,0.045454545,,,,,,,,,,,,,,,Fusobacterium,    CA-LRTI,0.75 (0.36-1.56) ,0.441,,Enterococcus,    HA-LRTI,1.96 (0.75-5.16) ,0.171,, 11-18,40,TMP-SMX,0,0,0.088097303,Children,,19-39,40-49,0.839,1,,Children,AmpC,AmpC,0,0
Adults,Beta-Lactam,DHA,1,0.011363636,,19-39,60-69,0.752,0.9024,,19-39,60-69,0.767,0.9204,,adult,peds,Fluoroquinolone,0.013433279,,,,,,,,,    <=1 day (ref),           ---, ---,,19-39,50-59,1,1,,19-39,50-59,0.044,0.088,,,,,,,,,,,adult,Prevotella spp.,P. denticola,7,0.079545455,,,,,,,,,,,,,,,Fusobacterium,    HA-LRTI,2.23 (0.85-5.81) ,0.101,,Fusobacterium,Fusobacterium spp.,1.02 (1.01-1.03) ,0.003,, 11-18,40,Fosfomycin,0,0,0.088097303,Children,,19-39,50-59,0.517,1,,Children,AmpC2,AmpC,2,0.007662835
Adults,Chloramphenicol,Dha1,1,0.011363636,,19-39,70-79,0.445,0.6675,,19-39,70-79,0.396,0.594,,adult,peds,Chloramphenicol,0.005991001,,,,,,,,,    2 days,1.02 (0.31- 3.38),0.976,,19-39,60-69,0.713,0.894545455,,19-39,60-69,0.268,0.357333333,,,,,,,,,,,adult,Prevotella spp.,P. enoeca,1,0.011363636,,,,,,,,,,,,,,,Neisseria,Age (adults vs children),2.05 (1.08-3.89) ,0.029,,Fusobacterium,Bacterial abundance,1.14 (1.06-1.23) ,< 0.001,,19-39,11,Tetracycline,0,0,0.284914153,Adults,,19-39,60-69,0.753,1,,Children,AmpH,NA,4,0.01532567
Adults,Macrolide,Erm35,0,0,,19-39,>=80,0.342,0.563478261,,19-39,>=80,0.374,0.585391304,,adult,peds,TMP-SMX,0.441260745,,,,,,,,,    3 days,3.51 (0.69-17.82),0.13,,19-39,70-79,0.76,0.894545455,,19-39,70-79,0.76,0.804705882,,,,,,,,,,,adult,Prevotella spp.,P. intermedia,5,0.056818182,,,,,,,,,,,,,,,Neisseria,Bacterial abundance,1.18 (1.09-1.28) ,< 0.001,,Fusobacterium,Bacterial alpha diversity,0.82 (0.61-1.1) ,0.19,,19-39,11,Beta-Lactam,0.272727273,0.060217734,0.60974256,Adults,,19-39,70-79,0.541,1,,Children,BlaZ,NA,4,0.01532567
Adults,Macrolide,ErmA,3,0.034090909,,40-49,50-59,1,1,,40-49,50-59,1,1,,adult,peds,Fosfomycin,0.252148997,,,,,,,,,,,,, 3-10,40-49,0.066,0.198,, 3-10,40-49,0.001,0.0045,,,,,,,,,,,adult,Prevotella spp.,P. jejuni,4,0.045454545,,,,,,,,,,,,,,,Neisseria,Bacterial alpha diversity,0.9962 (0.7477-1.3272) ,0.979,,Fusobacterium,Fusobacterium spp.,2.19 (1.13-4.24) ,0.021,,19-39,11,Aminoglycoside,0.181818182,0.022831198,0.517755852,Adults,, 3-10,40-49,0.179,1,,Children,BRO,NA,11,0.042145594
Adults,Macrolide,ErmB,1,0.011363636,,40-49,60-69,0.646,0.830571429,,40-49,60-69,0.687,0.883285714,,,,,,,,,,,,,,,,,, 3-10,50-59,0.006,0.0432,, 3-10,50-59,8.48E-06,0.00010176,,,,,,,,,,,adult,Prevotella spp.,P. melaninogenica,14,0.159090909,,,,,,,,,,,,,,,Neisseria,Neisseria spp.,0.81 (0.45-1.48) ,0.493,,Fusobacterium,    No LRTI (ref),---,---,,19-39,11,Macrolide,0.181818182,0.022831198,0.517755852,Adults,, 3-10,50-59,0.027,0.672,,Children,CfxA,NA,13,0.049808429
Adults,Macrolide,ErmC,3,0.034090909,,40-49,70-79,0.474,0.68256,,40-49,70-79,0.5,0.692,,,,,,,,,,,,,,,,,, 3-10,60-69,0.014,0.084,, 3-10,60-69,0.002,0.008,,,,,,,,,,,adult,Prevotella spp.,P. oris,10,0.113636364,,,,,,,,,,,,,,,Neisseria,    No LRTI (ref),---,---,,Fusobacterium,    Indeterminate,1.23 (0.51-2.94) ,0.645,,19-39,11,Chloramphenicol,0.090909091,0.002298972,0.412779917,Adults,, 3-10,60-69,9.12E-05,0.003,,Children,CMY,AmpC,0,0
Adults,Macrolide,ErmF,1,0.011363636,,40-49,>=80,0.298,0.5364,,40-49,>=80,0.368,0.585391304,,,,,,,,,,,,,,,,,, 3-10,70-79,0.002,0.0432,, 3-10,70-79,0.053,0.100421053,,,,,,,,,,,adult,Prevotella spp.,P. sp. oral taxon 299,1,0.011363636,,,,,,,,,,,,,,,Neisseria,    Indeterminate,1.14 (0.48-2.7) ,0.767,,Fusobacterium,    CA-LRTI,0.78 (0.38-1.62) ,0.513,,19-39,11,Fluoroquinolone,0.090909091,0.002298972,0.412779917,Adults,, 3-10,70-79,0.000134,0.004,,Children,DHA,AmpC,0,0
Adults,Macrolide,ErmX,0,0,,50-59,60-69,0.276,0.522947368,,50-59,60-69,0.318,0.585391304,,,,,,,,,,,,,,,,,,40-49,50-59,0.882,0.909257143,,40-49,50-59,0.79,0.812571429,,,,,,,,,,,adult,Pseudomonas spp.,P. aeruginosa,5,0.056818182,,,,,,,,,,,,,,,Neisseria,    CA-LRTI,0.73 (0.35-1.51) ,0.394,,Fusobacterium,    HA-LRTI,2.14 (0.82-5.6) ,0.12,,19-39,11,TMP-SMX,0.090909091,0.002298972,0.412779917,Adults,,40-49,50-59,1,1,,Children,L-1,ESBL,0,0
Adults,Fosfomycin,FosA2,1,0.011363636,,50-59,70-79,0.129,0.273176471,,50-59,70-79,0.137,0.290117647,,,,,,,,,,,,,,,,,,40-49,60-69,0.82,0.894545455,,40-49,60-69,0.143,0.2145,,,,,,,,,,,adult,Pseudomonas spp.,P. alcaliphila,8,0.090909091,,,,,,,,,,,,,,,Neisseria,    HA-LRTI,1.86 (0.72-4.76) ,0.198,,Neisseria,Neisseria spp.,1.01 (1-1.03) ,0.006,,19-39,11,Fosfomycin,0,0,0.284914153,Adults,,40-49,60-69,0.537,1,,Children,MECA,NA,2,0.007662835
Adults,Beta-Lactam,L-1,1,0.011363636,,50-59,>=80,0.093,0.2352,,50-59,>=80,0.124,0.279,,,,,,,,,,,,,,,,,,40-49,70-79,0.791,0.894545455,,40-49,70-79,0.029,0.06525,,,,,,,,,,,adult,Pseudomonas spp.,P. fluorescens,6,0.068181818,,,,,,,,,,,,,,,Prevotella,Age (adults vs children),2.13 (1.13-4.03) ,0.02,,Neisseria,Bacterial abundance,1.18 (1.09-1.27) ,< 0.001,, 3-10,51,Tetracycline,0,0,0.069777031,Children,,40-49,70-79,0.458,1,,Children,MrdA,NA,1,0.003831418
Adults,Macrolide,LnuC,0,0,,60-69,70-79,0.524,0.698666667,,60-69,70-79,0.454,0.65376,,,,,,,,,,,,,,,,,,50-59,60-69,0.683,0.894545455,,50-59,60-69,0.102,0.159652174,,,,,,,,,,,adult,Pseudomonas spp.,P. putida,2,0.022727273,,,,,,,,,,,,,,,Prevotella,Bacterial abundance,1.15 (1.06-1.24) ,< 0.001,,Neisseria,Bacterial alpha diversity,0.97 (0.73-1.29) ,0.816,, 3-10,51,Beta-Lactam,0.019607843,0.000496304,0.104474896,Children,,50-59,60-69,0.184,1,,Children,OXA-114,NA,0,0
Adults,Macrolide,LsaC,0,0,,60-69,>=80,0.498,0.689538462,,60-69,>=80,0.519,0.692,,,,,,,,,,,,,,,,,,50-59,70-79,0.805,0.894545455,,50-59,70-79,0.023,0.059142857,,,,,,,,,,,adult,Pseudomonas spp.,P. sihuiensis,13,0.147727273,,,,,,,,,,,,,,,Prevotella,Bacterial alpha diversity,0.87 (0.64-1.17) ,0.357,,Neisseria,Neisseria spp.,0.83 (0.45-1.52) ,0.543,, 3-10,51,Aminoglycoside,0,0,0.069777031,Children,,50-59,70-79,0.161,1,,Children,OXA-2,ESBL,0,0
Adults,Beta-Lactam,MECA,2,0.022727273,,70-79,>=80,0.98,1,,70-79,>=80,0.959,1,,,,,,,,,,,,,,,,,,60-69,70-79,0.212,0.424,,60-69,70-79,0.309,0.383586207,,,,,,,,,,,adult,Pseudomonas spp.,P. stutzeri,2,0.022727273,,,,,,,,,,,,,,,Prevotella,Prevotella spp.,1.66 (0.87-3.16) ,0.125,,Neisseria,    No LRTI (ref),---,---,, 3-10,51,Macrolide,0.058823529,0.012299088,0.162422218,Children,,60-69,70-79,0.742,1,,Children,OXA-50,Carbapenemase,1,0.003831418
Adults,Macrolide,MefA,3,0.034090909,,,,,,,,,,,,,,,,,,,,,,,,,,,,,,,,,,,,,,,,,,,,,,,adult,Pseudomonas spp.,P. syringae,4,0.045454545,,,,,,,,,,,,,,,Prevotella,    No LRTI (ref),---,---,,Neisseria,    Indeterminate,1.19 (0.5-2.83) ,0.694,, 3-10,51,Chloramphenicol,0,0,0.069777031,Children,,,,,,,Children,OXA-60,Carbapenemase,0,0
Adults,Macrolide,MphA,1,0.011363636,,,,,,,,,,,,,,,,,,,,,,,,,,,,,,,,,,,,,,,,,,,,,,,adult,Pseudomonas spp.,P. yamanorum,3,0.034090909,,,,,,,,,,,,,,,Prevotella,    Indeterminate,1.15 (0.48-2.73) ,0.753,,Neisseria,    CA-LRTI,0.76 (0.37-1.58) ,0.461,, 3-10,51,Fluoroquinolone,0.019607843,0.000496304,0.104474896,Children,,,,,,,Children,PenA,NA,4,0.01532567
Adults,Macrolide,MphC,1,0.011363636,,,,,,,,,,,,,,,,,,,,,,,,,,,,,,,,,,,,,,,,,,,,,,,adult,Staphylococcus spp.,S. aureus,16,0.181818182,,,,,,,,,,,,,,,Prevotella,    CA-LRTI,0.76 (0.37-1.56) ,0.451,,Neisseria,    HA-LRTI,1.78 (0.69-4.59) ,0.231,, 3-10,51,TMP-SMX,0.019607843,0.000496304,0.104474896,Children,,,,,,,Children,ROB-1,ESBL,2,0.007662835
Adults,Beta-Lactam,MrdA,2,0.022727273,,,,,,,,,,,,,,,,,,,,,,,,,,,,,,,,,,,,,,,,,,,,,,,adult,Staphylococcus spp.,S. caprae,3,0.034090909,,,,,,,,,,,,,,,Prevotella,    HA-LRTI,2.07 (0.79-5.39) ,0.136,,Prevotella,Prevotella spp.,1.02 (1-1.03) ,0.004,, 3-10,51,Fosfomycin,0,0,0.069777031,Children,,,,,,,Children,SHV-OKP-LEN,ESBL,0,0
Adults,Macrolide,MsrA,3,0.034090909,,,,,,,,,,,,,,,,,,,,,,,,,,,,,,,,,,,,,,,,,,,,,,,adult,Staphylococcus spp.,S. cohnii,2,0.022727273,,,,,,,,,,,,,,,Pseudomonas,Age (adults vs children),1.93 (0.99-3.77) ,0.055,,Prevotella,Bacterial abundance,1.15 (1.06-1.24) ,< 0.001,,40-49,6,Tetracycline,0,0,0.459258126,Adults,,,,,,,Children,SRT-SST,AmpC,0,0
Adults,Macrolide,MsrD,1,0.011363636,,,,,,,,,,,,,,,,,,,,,,,,,,,,,,,,,,,,,,,,,,,,,,,adult,Staphylococcus spp.,S. epidermidis,16,0.181818182,,,,,,,,,,,,,,,Pseudomonas,Bacterial abundance,1.18 (1.09-1.27) ,< 0.001,,Prevotella,Bacterial alpha diversity,0.85 (0.63-1.15) ,0.291,,40-49,6,Beta-Lactam,0.166666667,0.004210745,0.641234579,Adults,,,,,,,Children,VEB-1,ESBL,1,0.003831418
Adults,Fluoroquinolone,NorA,5,0.056818182,,,,,,,,,,,,,,,,,,,,,,,,,,,,,,,,,,,,,,,,,,,,,,,adult,Staphylococcus spp.,S. haemolyticus,3,0.034090909,,,,,,,,,,,,,,,Pseudomonas,Bacterial alpha diversity,0.93 (0.7-1.23) ,0.598,,Prevotella,Prevotella spp.,1.63 (0.85-3.11) ,0.141,,40-49,6,Aminoglycoside,0.333333333,0.043271868,0.777221904,Adults,,,,,,,,,,,
Adults,Fluoroquinolone,OqxA,1,0.011363636,,,,,,,,,,,,,,,,,,,,,,,,,,,,,,,,,,,,,,,,,,,,,,,adult,Staphylococcus spp.,S. hominis,3,0.034090909,,,,,,,,,,,,,,,Pseudomonas,Pseudomonas spp.,1.34 (0.69-2.59) ,0.391,,Prevotella,    No LRTI (ref),---,---,,40-49,6,Macrolide,0.166666667,0.004210745,0.641234579,Adults,,,,,,,,,,,
Adults,Fluoroquinolone,OqxB,3,0.034090909,,,,,,,,,,,,,,,,,,,,,,,,,,,,,,,,,,,,,,,,,,,,,,,adult,Staphylococcus spp.,S. lugdunensis,1,0.011363636,,,,,,,,,,,,,,,Pseudomonas,    No LRTI (ref),---,---,,Prevotella,    Indeterminate,1.21 (0.51-2.87) ,0.671,,40-49,6,Chloramphenicol,0.166666667,0.004210745,0.641234579,Adults,,,,,,,,,,,
Adults,Beta-Lactam,OXA-114,1,0.011363636,,,,,,,,,,,,,,,,,,,,,,,,,,,,,,,,,,,,,,,,,,,,,,,adult,Staphylococcus spp.,S. saccharolyticus,1,0.011363636,,,,,,,,,,,,,,,Pseudomonas,    Indeterminate,1.13 (0.48-2.69) ,0.775,,Prevotella,    CA-LRTI,0.79 (0.38-1.63) ,0.521,,40-49,6,Fluoroquinolone,0.166666667,0.004210745,0.641234579,Adults,,,,,,,,,,,
Adults,Beta-Lactam,OXA-2,2,0.022727273,,,,,,,,,,,,,,,,,,,,,,,,,,,,,,,,,,,,,,,,,,,,,,,adult,Staphylococcus spp.,S. saprophyticus,2,0.022727273,,,,,,,,,,,,,,,Pseudomonas,    CA-LRTI,0.77 (0.37-1.59) ,0.481,,Prevotella,    HA-LRTI,1.99 (0.76-5.19) ,0.16,,40-49,6,TMP-SMX,0,0,0.459258126,Adults,,,,,,,,,,,
Adults,Beta-Lactam,OXA-50,2,0.022727273,,,,,,,,,,,,,,,,,,,,,,,,,,,,,,,,,,,,,,,,,,,,,,,adult,Staphylococcus spp.,S. succinus,3,0.034090909,,,,,,,,,,,,,,,Pseudomonas,    HA-LRTI,1.87 (0.72-4.82) ,0.197,,Pseudomonas,Pseudomonas spp.,1.01 (1-1.02) ,0.01,,40-49,6,Fosfomycin,0,0,0.459258126,Adults,,,,,,,,,,,
Adults,Beta-Lactam,OXA-60,2,0.022727273,,,,,,,,,,,,,,,,,,,,,,,,,,,,,,,,,,,,,,,,,,,,,,,peds,Bacteroides spp.,B. caccae,2,0.007662835,,,,,,,,,,,,,,,Staphylococcus,Age (adults vs children),1.67 (0.84-3.3) ,0.143,,Pseudomonas,Bacterial abundance,1.17 (1.09-1.26) ,< 0.001,,50-59,20,Tetracycline,0.05,0.001265089,0.248732763,Adults,,,,,,,,,,,
Adults,Beta-Lactam,PenA,1,0.011363636,,,,,,,,,,,,,,,,,,,,,,,,,,,,,,,,,,,,,,,,,,,,,,,peds,Bacteroides spp.,B. eggerthii,4,0.01532567,,,,,,,,,,,,,,,Staphylococcus,Bacterial abundance,1.18 (1.09-1.27) ,< 0.001,,Pseudomonas,Bacterial alpha diversity,0.9 (0.68-1.2) ,0.475,,50-59,20,Beta-Lactam,0.25,0.086571469,0.491045872,Adults,,,,,,,,,,,
Adults,Fluoroquinolone,QepA,0,0,,,,,,,,,,,,,,,,,,,,,,,,,,,,,,,,,,,,,,,,,,,,,,,peds,Bacteroides spp.,B. fragilis,5,0.019157088,,,,,,,,,,,,,,,Staphylococcus,Bacterial alpha diversity,0.91 (0.69-1.2) ,0.498,,Pseudomonas,Pseudomonas spp.,1.31 (0.68-2.52) ,0.414,,50-59,20,Aminoglycoside,0.15,0.032070937,0.378926827,Adults,,,,,,,,,,,
Adults,Beta-Lactam,ROB-1,0,0,,,,,,,,,,,,,,,,,,,,,,,,,,,,,,,,,,,,,,,,,,,,,,,peds,Bacteroides spp.,B. heparinolyticus,4,0.01532567,,,,,,,,,,,,,,,Staphylococcus,Staphylococcus spp.,1.86 (0.99-3.51) ,0.054,,Pseudomonas,    No LRTI (ref),---,---,,50-59,20,Macrolide,0,0,0.168433471,Adults,,,,,,,,,,,
Adults,Aminoglycoside,Sat4A,1,0.011363636,,,,,,,,,,,,,,,,,,,,,,,,,,,,,,,,,,,,,,,,,,,,,,,peds,Bacteroides spp.,B. intestinalis,11,0.042145594,,,,,,,,,,,,,,,Staphylococcus,    No LRTI (ref),---,---,,Pseudomonas,    Indeterminate,1.18 (0.5-2.81) ,0.706,,50-59,20,Chloramphenicol,0.05,0.001265089,0.248732763,Adults,,,,,,,,,,,
Adults,Beta-Lactam,SHV-OKP-LEN,2,0.022727273,,,,,,,,,,,,,,,,,,,,,,,,,,,,,,,,,,,,,,,,,,,,,,,peds,Bacteroides spp.,B. ovatus,1,0.003831418,,,,,,,,,,,,,,,Staphylococcus,    Indeterminate,1.18 (0.49-2.82) ,0.709,,Pseudomonas,    CA-LRTI,0.8 (0.39-1.65) ,0.541,,50-59,20,Fluoroquinolone,0.05,0.001265089,0.248732763,Adults,,,,,,,,,,,
Adults,Beta-Lactam,SRT-SST,2,0.022727273,,,,,,,,,,,,,,,,,,,,,,,,,,,,,,,,,,,,,,,,,,,,,,,peds,Bacteroides spp.,B. stercoris,2,0.007662835,,,,,,,,,,,,,,,Staphylococcus,    CA-LRTI,0.75 (0.36-1.55) ,0.432,,Pseudomonas,    HA-LRTI,1.77 (0.69-4.6) ,0.238,,50-59,20,TMP-SMX,0,0,0.168433471,Adults,,,,,,,,,,,
Adults,Aminoglycoside,StrA,4,0.045454545,,,,,,,,,,,,,,,,,,,,,,,,,,,,,,,,,,,,,,,,,,,,,,,peds,Bacteroides spp.,B. thetaiotaomicron,2,0.007662835,,,,,,,,,,,,,,,Staphylococcus,    HA-LRTI,2.01 (0.78-5.2) ,0.151,,Staphylococcus,Staphylococcus spp.,1.01 (1-1.02) ,0.034,,50-59,20,Fosfomycin,0,0,0.168433471,Adults,,,,,,,,,,,
Adults,Aminoglycoside,StrB,1,0.011363636,,,,,,,,,,,,,,,,,,,,,,,,,,,,,,,,,,,,,,,,,,,,,,,peds,Bacteroides spp.,B. uniformis,3,0.011494253,,,,,,,,,,,,,,,,,,,,Staphylococcus,Bacterial abundance,1.17 (1.09-1.26) ,< 0.001,,60-69,24,Tetracycline,0.208333333,0.071318617,0.421512844,Adults,,,,,,,,,,,
Adults,TMP-SMX,SulII,1,0.011363636,,,,,,,,,,,,,,,,,,,,,,,,,,,,,,,,,,,,,,,,,,,,,,,peds,Bacteroides spp.,B. xylanisolvens,1,0.003831418,,,,,,,,,,,,,,,,,,,,Staphylococcus,Bacterial alpha diversity,0.88 (0.67-1.17) ,0.388,,60-69,24,Beta-Lactam,0.25,0.097730409,0.467112802,Adults,,,,,,,,,,,
Adults,Tetracycline,Tet-32,0,0,,,,,,,,,,,,,,,,,,,,,,,,,,,,,,,,,,,,,,,,,,,,,,,peds,Bacteroides spp.,B. zoogleoformans,1,0.003831418,,,,,,,,,,,,,,,,,,,,Staphylococcus,Staphylococcus spp.,1.76 (0.94-3.31) ,0.079,,60-69,24,Aminoglycoside,0.25,0.097730409,0.467112802,Adults,,,,,,,,,,,
Adults,Tetracycline,Tet-33,0,0,,,,,,,,,,,,,,,,,,,,,,,,,,,,,,,,,,,,,,,,,,,,,,,peds,Enterococcus spp.,E. columbae,2,0.007662835,,,,,,,,,,,,,,,,,,,,Staphylococcus,    No LRTI (ref),---,---,,60-69,24,Macrolide,0.125,0.026559315,0.323611358,Adults,,,,,,,,,,,
Adults,Tetracycline,Tet-38,2,0.022727273,,,,,,,,,,,,,,,,,,,,,,,,,,,,,,,,,,,,,,,,,,,,,,,peds,Enterococcus spp.,E. faecalis,3,0.011494253,,,,,,,,,,,,,,,,,,,,Staphylococcus,    Indeterminate,1.22 (0.51-2.91) ,0.659,,60-69,24,Chloramphenicol,0.041666667,0.001054352,0.211201683,Adults,,,,,,,,,,,
Adults,Tetracycline,TetB,1,0.011363636,,,,,,,,,,,,,,,,,,,,,,,,,,,,,,,,,,,,,,,,,,,,,,,peds,Enterococcus spp.,E. faecium,11,0.042145594,,,,,,,,,,,,,,,,,,,,Staphylococcus,    CA-LRTI,0.77 (0.37-1.59) ,0.474,,60-69,24,Fluoroquinolone,0.041666667,0.001054352,0.211201683,Adults,,,,,,,,,,,
Adults,Tetracycline,TetM,5,0.056818182,,,,,,,,,,,,,,,,,,,,,,,,,,,,,,,,,,,,,,,,,,,,,,,peds,Enterococcus spp.,E. gallinarum,2,0.007662835,,,,,,,,,,,,,,,,,,,,Staphylococcus,    HA-LRTI,1.88 (0.73-4.88) ,0.193,,60-69,24,TMP-SMX,0,0,0.142473598,Adults,,,,,,,,,,,
Adults,Tetracycline,TetO,0,0,,,,,,,,,,,,,,,,,,,,,,,,,,,,,,,,,,,,,,,,,,,,,,,peds,Haemophilus spp.,H. haemolyticus,21,0.08045977,,,,,,,,,,,,,,,,,,,,,,,,,60-69,24,Fosfomycin,0.041666667,0.001054352,0.211201683,Adults,,,,,,,,,,,
Adults,Tetracycline,TetQ,4,0.045454545,,,,,,,,,,,,,,,,,,,,,,,,,,,,,,,,,,,,,,,,,,,,,,,peds,Haemophilus spp.,H. influenzae,94,0.360153257,,,,,,,,,,,,,,,,,,,,,,,,,70-79,15,Tetracycline,0.266666667,0.077871546,0.551003241,Adults,,,,,,,,,,,
Adults,Tetracycline,TetU,1,0.011363636,,,,,,,,,,,,,,,,,,,,,,,,,,,,,,,,,,,,,,,,,,,,,,,peds,Haemophilus spp.,H. parahaemolyticus,9,0.034482759,,,,,,,,,,,,,,,,,,,,,,,,,70-79,15,Beta-Lactam,0.533333333,0.265861347,0.78733327,Adults,,,,,,,,,,,
Adults,Tetracycline,TetW,3,0.034090909,,,,,,,,,,,,,,,,,,,,,,,,,,,,,,,,,,,,,,,,,,,,,,,peds,Haemophilus spp.,H. parainfluenzae,25,0.095785441,,,,,,,,,,,,,,,,,,,,,,,,,70-79,15,Aminoglycoside,0.2,0.043312005,0.480891134,Adults,,,,,,,,,,,
Adults,Aminoglycoside,VanA,2,0.022727273,,,,,,,,,,,,,,,,,,,,,,,,,,,,,,,,,,,,,,,,,,,,,,,peds,Haemophilus spp.,H. pittmaniae,2,0.007662835,,,,,,,,,,,,,,,,,,,,,,,,,70-79,15,Macrolide,0.133333333,0.016575913,0.404602697,Adults,,,,,,,,,,,
Adults,Aminoglycoside,VanH-Pt,1,0.011363636,,,,,,,,,,,,,,,,,,,,,,,,,,,,,,,,,,,,,,,,,,,,,,,peds,Mannheimia spp.,M. granulomatis,3,0.011494253,,,,,,,,,,,,,,,,,,,,,,,,,70-79,15,Chloramphenicol,0.133333333,0.016575913,0.404602697,Adults,,,,,,,,,,,
Adults,Aminoglycoside,VanS-A,1,0.011363636,,,,,,,,,,,,,,,,,,,,,,,,,,,,,,,,,,,,,,,,,,,,,,,peds,Mannheimia spp.,M. haemolytica,37,0.141762452,,,,,,,,,,,,,,,,,,,,,,,,,70-79,15,Fluoroquinolone,0.2,0.043312005,0.480891134,Adults,,,,,,,,,,,
Adults,Aminoglycoside,VanZ-A,1,0.011363636,,,,,,,,,,,,,,,,,,,,,,,,,,,,,,,,,,,,,,,,,,,,,,,peds,Moraxella spp.,M. catarrhalis,64,0.245210728,,,,,,,,,,,,,,,,,,,,,,,,,70-79,15,TMP-SMX,0,0,0.218019361,Adults,,,,,,,,,,,
Adults,Beta-Lactam,VEB-1,0,0,,,,,,,,,,,,,,,,,,,,,,,,,,,,,,,,,,,,,,,,,,,,,,,peds,Moraxella spp.,M. nonliquefaciens,6,0.022988506,,,,,,,,,,,,,,,,,,,,,,,,,70-79,15,Fosfomycin,0,0,0.218019361,Adults,,,,,,,,,,,
Adults,Macrolide,VgaA,1,0.011363636,,,,,,,,,,,,,,,,,,,,,,,,,,,,,,,,,,,,,,,,,,,,,,,peds,Moraxella spp.,M. osloensis,1,0.003831418,,,,,,,,,,,,,,,,,,,,,,,,,,,,,,,,,,,,,,,,,,
Children,Aminoglycoside,Aac3-Ik,1,0.003831418,,,,,,,,,,,,,,,,,,,,,,,,,,,,,,,,,,,,,,,,,,,,,,,peds,Prevotella spp.,P. denticola,3,0.011494253,,,,,,,,,,,,,,,,,,,,,,,,,,,,,,,,,,,,,,,,,,
Children,Aminoglycoside,Aac6-Aph2,0,0,,,,,,,,,,,,,,,,,,,,,,,,,,,,,,,,,,,,,,,,,,,,,,,peds,Prevotella spp.,P. enoeca,2,0.007662835,,,,,,,,,,,,,,,,,,,,,,,,,,,,,,,,,,,,,,,,,,
Children,Aminoglycoside,Aac6-Ic,0,0,,,,,,,,,,,,,,,,,,,,,,,,,,,,,,,,,,,,,,,,,,,,,,,peds,Prevotella spp.,P. intermedia,2,0.007662835,,,,,,,,,,,,,,,,,,,,,,,,,,,,,,,,,,,,,,,,,,
Children,Aminoglycoside,Aac6-Iz,0,0,,,,,,,,,,,,,,,,,,,,,,,,,,,,,,,,,,,,,,,,,,,,,,,peds,Prevotella spp.,P. melaninogenica,20,0.076628352,,,,,,,,,,,,,,,,,,,,,,,,,,,,,,,,,,,,,,,,,,
Children,Beta-Lactam,ACT-MIR,0,0,,,,,,,,,,,,,,,,,,,,,,,,,,,,,,,,,,,,,,,,,,,,,,,peds,Prevotella spp.,P. nanceiensis,8,0.030651341,,,,,,,,,,,,,,,,,,,,,,,,,,,,,,,,,,,,,,,,,,
Children,Beta-Lactam,AmpC,0,0,,,,,,,,,,,,,,,,,,,,,,,,,,,,,,,,,,,,,,,,,,,,,,,peds,Prevotella spp.,P. oris,5,0.019157088,,,,,,,,,,,,,,,,,,,,,,,,,,,,,,,,,,,,,,,,,,
Children,Beta-Lactam,AmpC2,2,0.007662835,,,,,,,,,,,,,,,,,,,,,,,,,,,,,,,,,,,,,,,,,,,,,,,peds,Prevotella spp.,P. sp. oral taxon 299,17,0.0651341,,,,,,,,,,,,,,,,,,,,,,,,,,,,,,,,,,,,,,,,,,
Children,Beta-Lactam,AmpH,4,0.01532567,,,,,,,,,,,,,,,,,,,,,,,,,,,,,,,,,,,,,,,,,,,,,,,peds,Pseudomonas spp.,P. aeruginosa,7,0.026819923,,,,,,,,,,,,,,,,,,,,,,,,,,,,,,,,,,,,,,,,,,
Children,Aminoglycoside,Ant6-Ia,1,0.003831418,,,,,,,,,,,,,,,,,,,,,,,,,,,,,,,,,,,,,,,,,,,,,,,peds,Pseudomonas spp.,P. fluorescens,3,0.011494253,,,,,,,,,,,,,,,,,,,,,,,,,,,,,,,,,,,,,,,,,,
Children,Aminoglycoside,APH-Stph,3,0.011494253,,,,,,,,,,,,,,,,,,,,,,,,,,,,,,,,,,,,,,,,,,,,,,,peds,Pseudomonas spp.,P. psychrotolerans,2,0.007662835,,,,,,,,,,,,,,,,,,,,,,,,,,,,,,,,,,,,,,,,,,
Children,Aminoglycoside,Aph3-IIb,0,0,,,,,,,,,,,,,,,,,,,,,,,,,,,,,,,,,,,,,,,,,,,,,,,peds,Pseudomonas spp.,P. putida,1,0.003831418,,,,,,,,,,,,,,,,,,,,,,,,,,,,,,,,,,,,,,,,,,
Children,Aminoglycoside,Aph3-IIc,0,0,,,,,,,,,,,,,,,,,,,,,,,,,,,,,,,,,,,,,,,,,,,,,,,peds,Pseudomonas spp.,P. sihuiensis,1,0.003831418,,,,,,,,,,,,,,,,,,,,,,,,,,,,,,,,,,,,,,,,,,
Children,Aminoglycoside,Aph3-III,2,0.007662835,,,,,,,,,,,,,,,,,,,,,,,,,,,,,,,,,,,,,,,,,,,,,,,peds,Pseudomonas spp.,P. stutzeri,3,0.011494253,,,,,,,,,,,,,,,,,,,,,,,,,,,,,,,,,,,,,,,,,,
Children,Aminoglycoside,AphA2,0,0,,,,,,,,,,,,,,,,,,,,,,,,,,,,,,,,,,,,,,,,,,,,,,,peds,Pseudomonas spp.,P. syringae,6,0.022988506,,,,,,,,,,,,,,,,,,,,,,,,,,,,,,,,,,,,,,,,,,
Children,Beta-Lactam,BlaZ,4,0.01532567,,,,,,,,,,,,,,,,,,,,,,,,,,,,,,,,,,,,,,,,,,,,,,,peds,Pseudomonas spp.,P. versuta,2,0.007662835,,,,,,,,,,,,,,,,,,,,,,,,,,,,,,,,,,,,,,,,,,
Children,Beta-Lactam,BRO,11,0.042145594,,,,,,,,,,,,,,,,,,,,,,,,,,,,,,,,,,,,,,,,,,,,,,,peds,Pseudomonas spp.,P. yamanorum,1,0.003831418,,,,,,,,,,,,,,,,,,,,,,,,,,,,,,,,,,,,,,,,,,
Children,Chloramphenicol,Cat,1,0.003831418,,,,,,,,,,,,,,,,,,,,,,,,,,,,,,,,,,,,,,,,,,,,,,,peds,Staphylococcus spp.,S. argenteus,2,0.007662835,,,,,,,,,,,,,,,,,,,,,,,,,,,,,,,,,,,,,,,,,,
Children,Chloramphenicol,CatA9,1,0.003831418,,,,,,,,,,,,,,,,,,,,,,,,,,,,,,,,,,,,,,,,,,,,,,,peds,Staphylococcus spp.,S. aureus,9,0.034482759,,,,,,,,,,,,,,,,,,,,,,,,,,,,,,,,,,,,,,,,,,
Children,Chloramphenicol,CatB7,2,0.007662835,,,,,,,,,,,,,,,,,,,,,,,,,,,,,,,,,,,,,,,,,,,,,,,peds,Staphylococcus spp.,S. caprae,3,0.011494253,,,,,,,,,,,,,,,,,,,,,,,,,,,,,,,,,,,,,,,,,,
Children,Chloramphenicol,CatBx,0,0,,,,,,,,,,,,,,,,,,,,,,,,,,,,,,,,,,,,,,,,,,,,,,,peds,Staphylococcus spp.,S. cohnii,1,0.003831418,,,,,,,,,,,,,,,,,,,,,,,,,,,,,,,,,,,,,,,,,,
Children,Beta-Lactam,CfxA,13,0.049808429,,,,,,,,,,,,,,,,,,,,,,,,,,,,,,,,,,,,,,,,,,,,,,,peds,Staphylococcus spp.,S. epidermidis,4,0.01532567,,,,,,,,,,,,,,,,,,,,,,,,,,,,,,,,,,,,,,,,,,
Children,Chloramphenicol,Cmr,0,0,,,,,,,,,,,,,,,,,,,,,,,,,,,,,,,,,,,,,,,,,,,,,,,peds,Staphylococcus spp.,S. haemolyticus,3,0.011494253,,,,,,,,,,,,,,,,,,,,,,,,,,,,,,,,,,,,,,,,,,
Children,Beta-Lactam,CMY,0,0,,,,,,,,,,,,,,,,,,,,,,,,,,,,,,,,,,,,,,,,,,,,,,,peds,Staphylococcus spp.,S. hominis,1,0.003831418,,,,,,,,,,,,,,,,,,,,,,,,,,,,,,,,,,,,,,,,,,
Children,Beta-Lactam,DHA,0,0,,,,,,,,,,,,,,,,,,,,,,,,,,,,,,,,,,,,,,,,,,,,,,,peds,Staphylococcus spp.,S. lugdunensis,2,0.007662835,,,,,,,,,,,,,,,,,,,,,,,,,,,,,,,,,,,,,,,,,,
Children,Chloramphenicol,Dha1,1,0.003831418,,,,,,,,,,,,,,,,,,,,,,,,,,,,,,,,,,,,,,,,,,,,,,,peds,Staphylococcus spp.,S. pettenkoferi,2,0.007662835,,,,,,,,,,,,,,,,,,,,,,,,,,,,,,,,,,,,,,,,,,
Children,Macrolide,Erm35,1,0.003831418,,,,,,,,,,,,,,,,,,,,,,,,,,,,,,,,,,,,,,,,,,,,,,,peds,Staphylococcus spp.,S. saccharolyticus,3,0.011494253,,,,,,,,,,,,,,,,,,,,,,,,,,,,,,,,,,,,,,,,,,
Children,Macrolide,ErmA,0,0,,,,,,,,,,,,,,,,,,,,,,,,,,,,,,,,,,,,,,,,,,,,,,,,,,,,,,,,,,,,,,,,,,,,,,,,,,,,,,,,,,,,,,,,,,,,,
Children,Macrolide,ErmB,1,0.003831418,,,,,,,,,,,,,,,,,,,,,,,,,,,,,,,,,,,,,,,,,,,,,,,,,,,,,,,,,,,,,,,,,,,,,,,,,,,,,,,,,,,,,,,,,,,,,
Children,Macrolide,ErmC,0,0,,,,,,,,,,,,,,,,,,,,,,,,,,,,,,,,,,,,,,,,,,,,,,,,,,,,,,,,,,,,,,,,,,,,,,,,,,,,,,,,,,,,,,,,,,,,,
Children,Macrolide,ErmF,2,0.007662835,,,,,,,,,,,,,,,,,,,,,,,,,,,,,,,,,,,,,,,,,,,,,,,,,,,,,,,,,,,,,,,,,,,,,,,,,,,,,,,,,,,,,,,,,,,,,
Children,Macrolide,ErmX,1,0.003831418,,,,,,,,,,,,,,,,,,,,,,,,,,,,,,,,,,,,,,,,,,,,,,,,,,,,,,,,,,,,,,,,,,,,,,,,,,,,,,,,,,,,,,,,,,,,,
Children,Beta-Lactam,L-1,0,0,,,,,,,,,,,,,,,,,,,,,,,,,,,,,,,,,,,,,,,,,,,,,,,,,,,,,,,,,,,,,,,,,,,,,,,,,,,,,,,,,,,,,,,,,,,,,
Children,Macrolide,LnuC,1,0.003831418,,,,,,,,,,,,,,,,,,,,,,,,,,,,,,,,,,,,,,,,,,,,,,,,,,,,,,,,,,,,,,,,,,,,,,,,,,,,,,,,,,,,,,,,,,,,,
Children,Macrolide,LsaC,4,0.01532567,,,,,,,,,,,,,,,,,,,,,,,,,,,,,,,,,,,,,,,,,,,,,,,,,,,,,,,,,,,,,,,,,,,,,,,,,,,,,,,,,,,,,,,,,,,,,
Children,Beta-Lactam,MECA,2,0.007662835,,,,,,,,,,,,,,,,,,,,,,,,,,,,,,,,,,,,,,,,,,,,,,,,,,,,,,,,,,,,,,,,,,,,,,,,,,,,,,,,,,,,,,,,,,,,,
Children,Macrolide,MefA,5,0.019157088,,,,,,,,,,,,,,,,,,,,,,,,,,,,,,,,,,,,,,,,,,,,,,,,,,,,,,,,,,,,,,,,,,,,,,,,,,,,,,,,,,,,,,,,,,,,,
Children,Macrolide,MphA,0,0,,,,,,,,,,,,,,,,,,,,,,,,,,,,,,,,,,,,,,,,,,,,,,,,,,,,,,,,,,,,,,,,,,,,,,,,,,,,,,,,,,,,,,,,,,,,,
Children,Macrolide,MphC,1,0.003831418,,,,,,,,,,,,,,,,,,,,,,,,,,,,,,,,,,,,,,,,,,,,,,,,,,,,,,,,,,,,,,,,,,,,,,,,,,,,,,,,,,,,,,,,,,,,,
Children,Beta-Lactam,MrdA,1,0.003831418,,,,,,,,,,,,,,,,,,,,,,,,,,,,,,,,,,,,,,,,,,,,,,,,,,,,,,,,,,,,,,,,,,,,,,,,,,,,,,,,,,,,,,,,,,,,,
Children,Macrolide,MsrA,1,0.003831418,,,,,,,,,,,,,,,,,,,,,,,,,,,,,,,,,,,,,,,,,,,,,,,,,,,,,,,,,,,,,,,,,,,,,,,,,,,,,,,,,,,,,,,,,,,,,
Children,Macrolide,MsrD,5,0.019157088,,,,,,,,,,,,,,,,,,,,,,,,,,,,,,,,,,,,,,,,,,,,,,,,,,,,,,,,,,,,,,,,,,,,,,,,,,,,,,,,,,,,,,,,,,,,,
Children,Fluoroquinolone,NorA,2,0.007662835,,,,,,,,,,,,,,,,,,,,,,,,,,,,,,,,,,,,,,,,,,,,,,,,,,,,,,,,,,,,,,,,,,,,,,,,,,,,,,,,,,,,,,,,,,,,,
Children,Fluoroquinolone,OqxA,1,0.003831418,,,,,,,,,,,,,,,,,,,,,,,,,,,,,,,,,,,,,,,,,,,,,,,,,,,,,,,,,,,,,,,,,,,,,,,,,,,,,,,,,,,,,,,,,,,,,
Children,Fluoroquinolone,OqxB,1,0.003831418,,,,,,,,,,,,,,,,,,,,,,,,,,,,,,,,,,,,,,,,,,,,,,,,,,,,,,,,,,,,,,,,,,,,,,,,,,,,,,,,,,,,,,,,,,,,,
Children,Beta-Lactam,OXA-114,0,0,,,,,,,,,,,,,,,,,,,,,,,,,,,,,,,,,,,,,,,,,,,,,,,,,,,,,,,,,,,,,,,,,,,,,,,,,,,,,,,,,,,,,,,,,,,,,
Children,Beta-Lactam,OXA-2,0,0,,,,,,,,,,,,,,,,,,,,,,,,,,,,,,,,,,,,,,,,,,,,,,,,,,,,,,,,,,,,,,,,,,,,,,,,,,,,,,,,,,,,,,,,,,,,,
Children,Beta-Lactam,OXA-50,1,0.003831418,,,,,,,,,,,,,,,,,,,,,,,,,,,,,,,,,,,,,,,,,,,,,,,,,,,,,,,,,,,,,,,,,,,,,,,,,,,,,,,,,,,,,,,,,,,,,
Children,Beta-Lactam,OXA-60,0,0,,,,,,,,,,,,,,,,,,,,,,,,,,,,,,,,,,,,,,,,,,,,,,,,,,,,,,,,,,,,,,,,,,,,,,,,,,,,,,,,,,,,,,,,,,,,,
Children,Beta-Lactam,PenA,4,0.01532567,,,,,,,,,,,,,,,,,,,,,,,,,,,,,,,,,,,,,,,,,,,,,,,,,,,,,,,,,,,,,,,,,,,,,,,,,,,,,,,,,,,,,,,,,,,,,
Children,Fluoroquinolone,QepA,1,0.003831418,,,,,,,,,,,,,,,,,,,,,,,,,,,,,,,,,,,,,,,,,,,,,,,,,,,,,,,,,,,,,,,,,,,,,,,,,,,,,,,,,,,,,,,,,,,,,
Children,Beta-Lactam,ROB-1,2,0.007662835,,,,,,,,,,,,,,,,,,,,,,,,,,,,,,,,,,,,,,,,,,,,,,,,,,,,,,,,,,,,,,,,,,,,,,,,,,,,,,,,,,,,,,,,,,,,,
Children,Aminoglycoside,Sat4A,1,0.003831418,,,,,,,,,,,,,,,,,,,,,,,,,,,,,,,,,,,,,,,,,,,,,,,,,,,,,,,,,,,,,,,,,,,,,,,,,,,,,,,,,,,,,,,,,,,,,
Children,Beta-Lactam,SHV-OKP-LEN,0,0,,,,,,,,,,,,,,,,,,,,,,,,,,,,,,,,,,,,,,,,,,,,,,,,,,,,,,,,,,,,,,,,,,,,,,,,,,,,,,,,,,,,,,,,,,,,,
Children,Beta-Lactam,SRT-SST,0,0,,,,,,,,,,,,,,,,,,,,,,,,,,,,,,,,,,,,,,,,,,,,,,,,,,,,,,,,,,,,,,,,,,,,,,,,,,,,,,,,,,,,,,,,,,,,,
Children,Aminoglycoside,StrA,1,0.003831418,,,,,,,,,,,,,,,,,,,,,,,,,,,,,,,,,,,,,,,,,,,,,,,,,,,,,,,,,,,,,,,,,,,,,,,,,,,,,,,,,,,,,,,,,,,,,
Children,Aminoglycoside,StrB,1,0.003831418,,,,,,,,,,,,,,,,,,,,,,,,,,,,,,,,,,,,,,,,,,,,,,,,,,,,,,,,,,,,,,,,,,,,,,,,,,,,,,,,,,,,,,,,,,,,,
Children,TMP-SMX,SulII,1,0.003831418,,,,,,,,,,,,,,,,,,,,,,,,,,,,,,,,,,,,,,,,,,,,,,,,,,,,,,,,,,,,,,,,,,,,,,,,,,,,,,,,,,,,,,,,,,,,,
Children,Tetracycline,Tet-32,1,0.003831418,,,,,,,,,,,,,,,,,,,,,,,,,,,,,,,,,,,,,,,,,,,,,,,,,,,,,,,,,,,,,,,,,,,,,,,,,,,,,,,,,,,,,,,,,,,,,
Children,Tetracycline,Tet-33,1,0.003831418,,,,,,,,,,,,,,,,,,,,,,,,,,,,,,,,,,,,,,,,,,,,,,,,,,,,,,,,,,,,,,,,,,,,,,,,,,,,,,,,,,,,,,,,,,,,,
Children,Tetracycline,Tet-38,2,0.007662835,,,,,,,,,,,,,,,,,,,,,,,,,,,,,,,,,,,,,,,,,,,,,,,,,,,,,,,,,,,,,,,,,,,,,,,,,,,,,,,,,,,,,,,,,,,,,
Children,Tetracycline,TetB,1,0.003831418,,,,,,,,,,,,,,,,,,,,,,,,,,,,,,,,,,,,,,,,,,,,,,,,,,,,,,,,,,,,,,,,,,,,,,,,,,,,,,,,,,,,,,,,,,,,,
Children,Tetracycline,TetM,2,0.007662835,,,,,,,,,,,,,,,,,,,,,,,,,,,,,,,,,,,,,,,,,,,,,,,,,,,,,,,,,,,,,,,,,,,,,,,,,,,,,,,,,,,,,,,,,,,,,
Children,Tetracycline,TetO,1,0.003831418,,,,,,,,,,,,,,,,,,,,,,,,,,,,,,,,,,,,,,,,,,,,,,,,,,,,,,,,,,,,,,,,,,,,,,,,,,,,,,,,,,,,,,,,,,,,,
Children,Tetracycline,TetQ,2,0.007662835,,,,,,,,,,,,,,,,,,,,,,,,,,,,,,,,,,,,,,,,,,,,,,,,,,,,,,,,,,,,,,,,,,,,,,,,,,,,,,,,,,,,,,,,,,,,,
Children,Tetracycline,TetU,0,0,,,,,,,,,,,,,,,,,,,,,,,,,,,,,,,,,,,,,,,,,,,,,,,,,,,,,,,,,,,,,,,,,,,,,,,,,,,,,,,,,,,,,,,,,,,,,
Children,Tetracycline,TetW,0,0,,,,,,,,,,,,,,,,,,,,,,,,,,,,,,,,,,,,,,,,,,,,,,,,,,,,,,,,,,,,,,,,,,,,,,,,,,,,,,,,,,,,,,,,,,,,,
Children,Aminoglycoside,VanA,0,0,,,,,,,,,,,,,,,,,,,,,,,,,,,,,,,,,,,,,,,,,,,,,,,,,,,,,,,,,,,,,,,,,,,,,,,,,,,,,,,,,,,,,,,,,,,,,
Children,Aminoglycoside,VanH-Pt,0,0,,,,,,,,,,,,,,,,,,,,,,,,,,,,,,,,,,,,,,,,,,,,,,,,,,,,,,,,,,,,,,,,,,,,,,,,,,,,,,,,,,,,,,,,,,,,,
Children,Aminoglycoside,VanS-A,0,0,,,,,,,,,,,,,,,,,,,,,,,,,,,,,,,,,,,,,,,,,,,,,,,,,,,,,,,,,,,,,,,,,,,,,,,,,,,,,,,,,,,,,,,,,,,,,
Children,Aminoglycoside,VanZ-A,0,0,,,,,,,,,,,,,,,,,,,,,,,,,,,,,,,,,,,,,,,,,,,,,,,,,,,,,,,,,,,,,,,,,,,,,,,,,,,,,,,,,,,,,,,,,,,,,
Children,Beta-Lactam,VEB-1,1,0.003831418,,,,,,,,,,,,,,,,,,,,,,,,,,,,,,,,,,,,,,,,,,,,,,,,,,,,,,,,,,,,,,,,,,,,,,,,,,,,,,,,,,,,,,,,,,,,,
Children,Macrolide,VgaA,1,0.003831418,,,,,,,,,,,,,,,,,,,,,,,,,,,,,,,,,,,,,,,,,,,,,,,,,,,,,,,,,,,,,,,,,,,,,,,,,,,,,,,,,,,,,,,,,,,,,
